UIF_REFERENCE,TRADE_NAME,EMAIL_ADDRESS
UIF001,ABC Trading Company,abc@example.com
UIF002,XYZ Manufacturing Ltd,xyz@example.com
UIF003,Quick Services Pty Ltd,quick@example.com
UIF004,Global Solutions Inc,global@example.com
UIF005,Tech Innovations,tech@example.com
UIF006,Green Energy Co,green@example.com
UIF007,Smart Logistics,smart@example.com
UIF008,Digital Marketing Agency,digital@example.com
UIF009,Construction Masters,construction@example.com
UIF010,Food & Beverage Co,food@example.com

